relative_path	size_bytes	executable	suffix
.gitignore	311	NO	<none>
CITATION.cff	1293	NO	.cff
LICENSE	1079	NO	<none>
README.md	14813	NO	.md
config/config.example.sh	3826	NO	.sh
config/mdmcleaner/mdmcleaner.config	42	NO	.config
docs/HPC_UCR_ENVIRONMENT.md	3573	NO	.md
patches/mdmcleaner-0.8.7/README.md	1091	NO	.md
patches/mdmcleaner-0.8.7/patch_read_gtdb_taxonomy.py	4680	YES	.py
patches/mdmcleaner-0.8.7/prepare_mdmcleaner_patch.sh	2942	YES	.sh
workflow/01_preprocessing/01_03_preprocessing_array.slurm	6845	NO	.slurm
workflow/01_preprocessing/04_multiqc_preprocessing.slurm	2065	NO	.slurm
workflow/02_host_depletion/06_remove_bovine_array.slurm	6200	NO	.slurm
workflow/02_host_depletion/07_fastqc_hostfree_array.slurm	2401	NO	.slurm
workflow/02_host_depletion/08_multiqc_hostfree.slurm	1807	NO	.slurm
workflow/03_coassembly/09_megahit_coassembly_array.slurm	9148	NO	.slurm
workflow/04_mapping_and_depth/10_build_coassembly_indices.slurm	3712	NO	.slurm
workflow/04_mapping_and_depth/11_map_reads_to_coassembly_array.slurm	7253	NO	.slurm
workflow/04_mapping_and_depth/12d_generate_corrected_depth_array.slurm	8112	NO	.slurm
workflow/05_multibinner_binning/13_metabat2_binning_array.slurm	6431	NO	.slurm
workflow/05_multibinner_binning/18_maxbin2_binning_array.slurm	6115	NO	.slurm
workflow/05_multibinner_binning/19_concoct_binning_array.slurm	7571	NO	.slurm
workflow/06_bin_refinement/21_prepare_dastool_inputs.sh	5940	YES	.sh
workflow/06_bin_refinement/24_dastool_refinement_array.slurm	6560	NO	.slurm
workflow/07_MAG_quality_control/25_checkm2_dastool_refined_array.slurm	7128	NO	.slurm
workflow/07_MAG_quality_control/26_gunc_dastool_refined_array.slurm	3895	NO	.slurm
workflow/07_MAG_quality_control/28_mdmcleaner_strong_guncfail.slurm	8844	NO	.slurm
workflow/07_MAG_quality_control/31_prepare_mdm_kept_and_summary.slurm	6724	NO	.slurm
workflow/07_MAG_quality_control/32_checkm2_post_mdm.slurm	8039	NO	.slurm
workflow/07_MAG_quality_control/33_gunc_post_mdm.slurm	4601	NO	.slurm
workflow/07_MAG_quality_control/34_build_final_qc_collection.slurm	6386	NO	.slurm
workflow/08_taxonomy_dereplication/35_gtdbtk_final24.slurm	8249	NO	.slurm
workflow/08_taxonomy_dereplication/36_drep_final24.slurm	5628	NO	.slurm
workflow/08_taxonomy_dereplication/37_finalize_representative_metadata.slurm	12467	NO	.slurm
workflow/09_functional_annotation/39_eggnog_rep18.slurm	6957	NO	.slurm
workflow/09b_abricate_screening/40_abricate_rep18.slurm	8009	NO	.slurm
workflow/09b_abricate_screening/41_consolidate_abricate.slurm	8345	NO	.slurm
workflow/10_MAG_abundance/60_prepare_MAG_mapping_reference.slurm	11284	NO	.slurm
workflow/10_MAG_abundance/61b_map_18_samples_MAGs.slurm	10244	NO	.slurm
workflow/10_MAG_abundance/62b_instrain_18_samples.slurm	6845	NO	.slurm
workflow/10_MAG_abundance/63_consolidate_MAG_abundance.slurm	17962	NO	.slurm
workflow/11_MAG_ecology/64_classify_MAG_detection.py	10696	NO	.py
workflow/11_MAG_ecology/65_build_MAG_abundance_taxonomy.py	20329	NO	.py
workflow/11_MAG_ecology/66_MAG_ecology_descriptive.R	15805	NO	.R
workflow/11_MAG_ecology/67_MAG_longitudinal_inference.R	15401	NO	.R
workflow/11_MAG_ecology/68_MAG_temporal_drivers.R	12948	NO	.R
workflow/12_bacteriocin_loci/69_prepare_bacteriocin_loci.py	41517	NO	.py
workflow/12_bacteriocin_loci/71_build_bacteriocin_locus_matrices.py	20583	NO	.py
workflow/12_bacteriocin_loci/72_integrate_locus_source_MAG.py	23503	NO	.py
workflow/12_bacteriocin_loci/73_build_final_locus_evidence.py	17610	NO	.py
workflow/12_bacteriocin_loci/74_analyze_final_bacteriocin_loci.R	16366	NO	.R
workflow/12a_bacteriocin_discovery/44_antismash_rep18.slurm	5907	NO	.slurm
workflow/12a_bacteriocin_discovery/45_summarize_antismash_rep18.slurm	19100	NO	.slurm
workflow/12a_bacteriocin_discovery/46_extract_true_antismash_hits.slurm	16037	NO	.slurm
workflow/12a_bacteriocin_discovery/47_comparippson_lactococcin.slurm	17069	NO	.slurm
workflow/12a_bacteriocin_discovery/48_validate_lactococcin_orfs.slurm	8062	NO	.slurm
workflow/12a_bacteriocin_discovery/49_lactococcin_genomic_context.slurm	10609	NO	.slurm
workflow/12a_bacteriocin_discovery/50_validate_stop_and_contig_membership.slurm	18401	NO	.slurm
workflow/12a_bacteriocin_discovery/51_correct_lcnB_stop_coordinate.slurm	9962	NO	.slurm
workflow/12a_bacteriocin_discovery/56_bagel4_test_lactis.slurm	7064	NO	.slurm
workflow/12a_bacteriocin_discovery/57_resume_bagel4_annotation_lactis.slurm	3330	NO	.slurm
workflow/12a_bacteriocin_discovery/58_bagel4_BAL4.slurm	15354	NO	.slurm
workflow/12a_bacteriocin_discovery/59_petauri_bagel4_diagnostic.slurm	4368	NO	.slurm
workflow/12a_bacteriocin_discovery/curated_candidates/BAL_bacteriocin_master.tsv	2128	NO	.tsv
workflow/12a_bacteriocin_discovery/curated_candidates/CURATION_PROVENANCE.md	2121	NO	.md
workflow/12a_bacteriocin_discovery/curated_candidates/SHA256SUMS	394	NO	<none>
workflow/12a_bacteriocin_discovery/curated_candidates/petauri_BAGEL4_threshold_note.txt	774	NO	.txt
workflow/12a_bacteriocin_discovery/curated_candidates/structural_candidates_metadata.tsv	836	NO	.tsv
workflow/12a_bacteriocin_discovery/curated_candidates/structural_candidates_protein.faa	920	NO	.faa
workflow/13_functional_integration/75_consolidate_eggnog_functions.py	21787	NO	.py
workflow/13_functional_integration/76_build_metabolic_master_and_screen.py	18960	NO	.py
workflow/13_functional_integration/77_refine_cheese_metabolic_capabilities.py	26787	NO	.py
workflow/13_functional_integration/77b_curate_biogenic_amines.py	14380	NO	.py
workflow/13_functional_integration/78a_audit_proteolysis_peptide_systems.py	12958	NO	.py
workflow/13_functional_integration/78b_reconstruct_proteolytic_systems.py	23430	NO	.py
workflow/13_functional_integration/78c_curate_surface_proteinases.py	17030	NO	.py
workflow/13_functional_integration/79a_audit_remaining_cheese_functions.py	33236	NO	.py
workflow/13_functional_integration/79b_curate_remaining_cheese_functions.py	32874	NO	.py
workflow/13_functional_integration/80a_build_MAG_functional_master.py	24361	NO	.py
workflow/13_functional_integration/80b_project_MAG_functions_to_samples.py	39713	NO	.py
workflow/13_functional_integration/81a_functional_longitudinal_descriptive.R	27309	NO	.R
workflow/13_functional_integration/81b_integrate_bacteriocin_functional_trajectories.R	35557	NO	.R
workflow/13_functional_integration/82a_build_thesis_candidate_synthesis.py	49295	NO	.py
workflow/13_functional_integration/82b_exact_longitudinal_inference.R	22802	NO	.R
workflow/13_functional_integration/83_build_thesis_final_outputs.R	28487	NO	.R
workflow/14_incomplete_bin_rescue/84_inventory_incomplete_raw_bins.py	21518	YES	.py
workflow/14_incomplete_bin_rescue/84_inventory_incomplete_raw_bins.sh	1051	YES	.sh
workflow/14_incomplete_bin_rescue/85_build_unique_incomplete_contig_catalog.py	18649	YES	.py
workflow/14_incomplete_bin_rescue/85_build_unique_incomplete_contig_catalog.sh	1038	YES	.sh
workflow/14_incomplete_bin_rescue/86a_build_incomplete_gene_catalog.py	15551	YES	.py
workflow/14_incomplete_bin_rescue/86a_predict_incomplete_genes.slurm	3545	YES	.slurm
workflow/14_incomplete_bin_rescue/86b_eggnog_incomplete_array.slurm	7099	YES	.slurm
workflow/14_incomplete_bin_rescue/86b_split_proteins_for_eggnog.py	3661	YES	.py
workflow/14_incomplete_bin_rescue/86c_consolidate_incomplete_eggnog.py	16083	YES	.py
workflow/14_incomplete_bin_rescue/86c_consolidate_incomplete_eggnog.slurm	1035	YES	.slurm
workflow/14_incomplete_bin_rescue/87_curate_incomplete_functional_rescue.py	98450	YES	.py
workflow/14_incomplete_bin_rescue/87_curate_incomplete_functional_rescue.slurm	2707	NO	.slurm
workflow/14_incomplete_bin_rescue/88_contextualize_incomplete_functional_evidence.py	31963	NO	.py
workflow/14_incomplete_bin_rescue/88_contextualize_incomplete_functional_evidence.slurm	2396	NO	.slurm
workflow/14_incomplete_bin_rescue/89_rescue_protein_redundancy.slurm	7547	YES	.slurm
workflow/14_incomplete_bin_rescue/89a_prepare_rescue_protein_redundancy.py	12166	YES	.py
workflow/14_incomplete_bin_rescue/89b_summarize_rescue_protein_redundancy.py	20747	YES	.py
workflow/14_incomplete_bin_rescue/89c_correct_final18_coverage.py	9772	YES	.py
workflow/14_incomplete_bin_rescue/89c_fix_final18_coverage.slurm	3015	YES	.slurm
workflow/14_incomplete_bin_rescue/90_synthesize_incomplete_functional_rescue.py	51096	YES	.py
workflow/14_incomplete_bin_rescue/90_synthesize_incomplete_functional_rescue.slurm	2153	YES	.slurm
workflow/14_incomplete_bin_rescue/README.md	2051	NO	.md
workflow/15_resistome/91d_integrate_final18_resistome.slurm	26912	YES	.slurm
workflow/15_resistome/91e1_amrfinder_coassemblies.slurm	11946	YES	.slurm
workflow/15_resistome/91e2_consolidate_community_resistome.slurm	23710	YES	.slurm
workflow/15_resistome/91f1b_quantify_ARG_loci_strict.slurm	17736	YES	.slurm
workflow/15_resistome/91f1b_repair_consolidate.slurm	10465	YES	.slurm
workflow/15_resistome/91f2_resistome_final_synthesis.slurm	24438	YES	.slurm
workflow/15_resistome/README.md	2500	NO	.md
workflow/16_virome/92c_genomad_coassemblies.slurm	10566	YES	.slurm
workflow/16_virome/92d_consolidate_viral_catalog.slurm	28412	YES	.slurm
workflow/16_virome/92e1_checkv_full_catalog.slurm	21390	YES	.slurm
workflow/16_virome/92e2_host_clean_viral_catalog.slurm	20369	YES	.slurm
workflow/16_virome/92e3_validate_hostclean.slurm	12917	YES	.slurm
workflow/16_virome/92f_repair_integration.slurm	31233	YES	.slurm
workflow/16_virome/92f_votu_clustering.slurm	29294	YES	.slurm
workflow/16_virome/92g0_votu_mapping_audit.slurm	11594	YES	.slurm
workflow/16_virome/92g1_map_reads_to_votus.slurm	11221	YES	.slurm
workflow/16_virome/92g2_votu_coverage.slurm	17442	YES	.slurm
workflow/16_virome/92g2b_rebuild_metrics.slurm	30501	YES	.slurm
workflow/16_virome/92g3_mapq20_identity95.slurm	17957	YES	.slurm
workflow/16_virome/92g4_integrate_votu_quantification.slurm	39876	YES	.slurm
workflow/16_virome/92h0b_direct_host_audit.slurm	24460	YES	.slurm
workflow/16_virome/92h1_integrate_direct_host_taxonomy.slurm	24560	YES	.slurm
workflow/16_virome/92h2_finalize_virome.slurm	22692	YES	.slurm
workflow/16_virome/README.md	3538	NO	.md
workflow/17_mobilome/93b_plasmid_catalog_exact.slurm	29838	YES	.slurm
workflow/17_mobilome/93c0_colocalization_audit.slurm	9466	YES	.slurm
workflow/17_mobilome/93c1_plasmid_cargo_integration.slurm	42524	YES	.slurm
workflow/17_mobilome/93c2_mobility_evidence_synthesis.slurm	23379	YES	.slurm
workflow/17_mobilome/93d1_integronfinder_coassemblies.slurm	14611	YES	.slurm
workflow/17_mobilome/93d2_integron_arg_plasmid_integration.slurm	41344	YES	.slurm
workflow/17_mobilome/93d3_isescan_coassemblies.slurm	7306	YES	.slurm
workflow/17_mobilome/93d4_IS_ARG_integron_plasmid_integration.slurm	42511	YES	.slurm
workflow/17_mobilome/93d5_mobile_context_reconstruction.slurm	38414	YES	.slurm
workflow/17_mobilome/93e2a_prepare_alienhunter_inputs.slurm	6541	YES	.slurm
workflow/17_mobilome/93e2b_alienhunter_array.slurm	8846	YES	.slurm
workflow/17_mobilome/93e2c0_alienhunter_global_audit.slurm	6898	YES	.slurm
workflow/17_mobilome/93e2c_parse_alienhunter_regions.slurm	24495	YES	.slurm
workflow/17_mobilome/93e3b_integrate_GI_mobilome.py	33297	YES	.py
workflow/17_mobilome/93e3b_integrate_GI_mobilome.slurm	2168	YES	.slurm
workflow/17_mobilome/README.md	4389	NO	.md
workflow/18_virulence/94a_virulence_audit.slurm	9714	YES	.slurm
workflow/18_virulence/94b1_vfdb_community_array.slurm	7873	YES	.slurm
workflow/18_virulence/94b2_consolidate_vfdb.py	21246	YES	.py
workflow/18_virulence/94b2_consolidate_vfdb.slurm	2062	YES	.slurm
workflow/18_virulence/94c_integrate_vfdb_mobile_context.py	36511	YES	.py
workflow/18_virulence/94c_integrate_vfdb_mobile_context.slurm	1864	YES	.slurm
workflow/18_virulence/README.md	3267	NO	.md
workflow/19_16S_from_shotgun/95a_16S_shotgun_audit.slurm	10686	YES	.slurm
workflow/19_16S_from_shotgun/95b1_barrnap_16S_array.slurm	4003	YES	.slurm
workflow/19_16S_from_shotgun/95b1_parse_barrnap_16s.py	8241	YES	.py
workflow/19_16S_from_shotgun/95b2_consolidate_16S.py	25829	YES	.py
workflow/19_16S_from_shotgun/95b2_consolidate_16S.slurm	1845	YES	.slurm
workflow/19_16S_from_shotgun/95c1_parse_silva_16S.py	23227	YES	.py
workflow/19_16S_from_shotgun/95c1_silva_16S_taxonomy.slurm	3824	YES	.slurm
workflow/19_16S_from_shotgun/95c2_bacterial_16S_QC.py	25431	YES	.py
workflow/19_16S_from_shotgun/95c2_bacterial_16S_QC.slurm	1834	YES	.slurm
workflow/19_16S_from_shotgun/95c2b_final_bacterial_filter.py	16943	YES	.py
workflow/19_16S_from_shotgun/95c2b_final_bacterial_filter.slurm	1941	YES	.slurm
workflow/19_16S_from_shotgun/95c2c_curate_final_16S.py	14720	YES	.py
workflow/19_16S_from_shotgun/95c2c_curate_final_16S.slurm	1881	YES	.slurm
workflow/19_16S_from_shotgun/95d0_mapping_audit.py	15034	YES	.py
workflow/19_16S_from_shotgun/95d0_mapping_audit.slurm	2859	YES	.slurm
workflow/19_16S_from_shotgun/95d1_16S_locus_quant_array.slurm	4401	YES	.slurm
workflow/19_16S_from_shotgun/95d1r_recover_metrics.py	15839	YES	.py
workflow/19_16S_from_shotgun/95d1r_recover_metrics.slurm	3471	YES	.slurm
workflow/19_16S_from_shotgun/95d2a_16S_matrix_threshold_audit.py	18128	YES	.py
workflow/19_16S_from_shotgun/95d2a_16S_matrix_threshold_audit.slurm	1825	YES	.slurm
workflow/19_16S_from_shotgun/95d2b_16S_final_support.py	19122	YES	.py
workflow/19_16S_from_shotgun/95d2b_16S_final_support.slurm	1856	YES	.slurm
workflow/19_16S_from_shotgun/95e_16S_thesis_synthesis.py	42724	YES	.py
workflow/19_16S_from_shotgun/95e_16S_thesis_synthesis.slurm	2377	YES	.slurm
workflow/19_16S_from_shotgun/README.md	7310	NO	.md
workflow/20_read_taxonomy_pathogens/97a_read_taxonomy_audit.sh	6599	YES	.sh
workflow/20_read_taxonomy_pathogens/97a_read_taxonomy_audit.slurm	698	YES	.slurm
workflow/20_read_taxonomy_pathogens/97b0_prepare_kraken_bracken.sh	9430	YES	.sh
workflow/20_read_taxonomy_pathogens/97b0_prepare_kraken_bracken.slurm	755	YES	.slurm
workflow/20_read_taxonomy_pathogens/97b1_kraken_bracken_array.slurm	913	YES	.slurm
workflow/20_read_taxonomy_pathogens/97b1_kraken_bracken_worker.sh	12543	YES	.sh
workflow/20_read_taxonomy_pathogens/97b2a_taxonomy_matrix_qc.py	30282	YES	.py
workflow/20_read_taxonomy_pathogens/97b2a_taxonomy_matrix_qc.slurm	1503	YES	.slurm
workflow/20_read_taxonomy_pathogens/97b2b_bacterial_community_statistics.R	32489	YES	.R
workflow/20_read_taxonomy_pathogens/97b2b_bacterial_community_statistics.slurm	3607	YES	.slurm
workflow/20_read_taxonomy_pathogens/97b2br_statistics_correction.R	18833	YES	.R
workflow/20_read_taxonomy_pathogens/97b2br_statistics_correction.slurm	1440	YES	.slurm
workflow/20_read_taxonomy_pathogens/97b2c_finalize_read_taxonomy.py	22917	YES	.py
workflow/20_read_taxonomy_pathogens/97b2c_finalize_read_taxonomy.slurm	1488	YES	.slurm
workflow/20_read_taxonomy_pathogens/97c1_direct_kraken_pathogen_evidence.py	20934	YES	.py
workflow/20_read_taxonomy_pathogens/97c1_direct_kraken_pathogen_evidence.slurm	1513	YES	.slurm
workflow/20_read_taxonomy_pathogens/97c2a_pathogen_validation_audit.sh	10812	YES	.sh
workflow/20_read_taxonomy_pathogens/97c2a_pathogen_validation_audit.slurm	714	YES	.slurm
workflow/20_read_taxonomy_pathogens/97c2b_build_reference_panels.sh	20133	YES	.sh
workflow/20_read_taxonomy_pathogens/97c2b_build_reference_panels.slurm	877	YES	.slurm
workflow/20_read_taxonomy_pathogens/97c2b_select_refseq_references.py	14278	YES	.py
workflow/20_read_taxonomy_pathogens/97c2c_build_task_summary.py	7175	YES	.py
workflow/20_read_taxonomy_pathogens/97c2c_competitive_mapping.slurm	965	YES	.slurm
workflow/20_read_taxonomy_pathogens/97c2c_competitive_mapping_worker.sh	9986	YES	.sh
workflow/20_read_taxonomy_pathogens/97c2c_depth_metrics.py	5744	YES	.py
workflow/20_read_taxonomy_pathogens/97c2c_species_counts.py	1693	YES	.py
workflow/20_read_taxonomy_pathogens/97c2d_finalize_pathogen_validation.py	10175	YES	.py
workflow/20_read_taxonomy_pathogens/97c2d_finalize_pathogen_validation.slurm	1262	YES	.slurm
workflow/20_read_taxonomy_pathogens/README.md	8656	NO	.md
workflow/20_read_taxonomy_pathogens/environment/97b2b0i_install_R_packages.sh	5615	YES	.sh
workflow/20_read_taxonomy_pathogens/environment/97b2b0i_install_R_packages.slurm	896	YES	.slurm
workflow/20_read_taxonomy_pathogens/environment/97b2b0r_r_environment_audit.sh	3157	YES	.sh
workflow/20_read_taxonomy_pathogens/environment/97b2b0r_r_environment_audit.slurm	713	YES	.slurm
workflow/20_read_taxonomy_pathogens/recovery/97b0r_finalize_kraken_bracken.sh	7893	YES	.sh
workflow/20_read_taxonomy_pathogens/recovery/97b0r_finalize_kraken_bracken.slurm	812	YES	.slurm
workflow/20_read_taxonomy_pathogens/reproducibility_repairs/97c2c_consolidate_task_summaries.py	3298	YES	.py
workflow/21_bacteriocin_mining/98b0_existing_antismash_audit.sh	7241	YES	.sh
workflow/21_bacteriocin_mining/98b0_existing_antismash_audit.slurm	782	YES	.slurm
workflow/21_bacteriocin_mining/98b0_parse_existing_antismash.py	15493	YES	.py
workflow/21_bacteriocin_mining/98b2_exact_candidate_review.py	26946	YES	.py
workflow/21_bacteriocin_mining/98b2_exact_candidate_review.sh	2973	YES	.sh
workflow/21_bacteriocin_mining/98b2_exact_candidate_review.slurm	759	YES	.slurm
workflow/21_bacteriocin_mining/98b2r_strict_comparippson.py	14913	YES	.py
workflow/21_bacteriocin_mining/98b2r_strict_comparippson.sh	1838	YES	.sh
workflow/21_bacteriocin_mining/98b2r_strict_comparippson.slurm	628	YES	.slurm
workflow/21_bacteriocin_mining/98c1_integrate_positive_screen.py	18348	YES	.py
workflow/21_bacteriocin_mining/98c1_positive_bacteriocin_screen.sh	7531	YES	.sh
workflow/21_bacteriocin_mining/98c1_positive_bacteriocin_screen.slurm	816	YES	.slurm
workflow/21_bacteriocin_mining/98c1r_reintegrate_corrected.sh	2015	YES	.sh
workflow/21_bacteriocin_mining/98c1r_reintegrate_corrected.slurm	757	YES	.slurm
workflow/21_bacteriocin_mining/98c2_positive_context.py	30199	YES	.py
workflow/21_bacteriocin_mining/98c2_positive_context.sh	2990	YES	.sh
workflow/21_bacteriocin_mining/98c2_positive_context.slurm	759	YES	.slurm
workflow/21_bacteriocin_mining/98c3a_prepare_and_parse.py	18128	YES	.py
workflow/21_bacteriocin_mining/98c3a_targeted_antismash.sh	10636	YES	.sh
workflow/21_bacteriocin_mining/98c3ar2_targeted_antismash.slurm	814	YES	.slurm
workflow/21_bacteriocin_mining/98c3b0_bagel_audit.sh	6574	YES	.sh
workflow/21_bacteriocin_mining/98c3b0_bagel_audit.slurm	625	YES	.slurm
workflow/21_bacteriocin_mining/98c3b0_prepare_bagel_targets.py	8655	YES	.py
workflow/21_bacteriocin_mining/98c3c_bagel_candidate_level.py	20224	YES	.py
workflow/21_bacteriocin_mining/98c3c_bagel_candidate_level.sh	2960	YES	.sh
workflow/21_bacteriocin_mining/98c3c_bagel_candidate_level.slurm	766	YES	.slurm
workflow/21_bacteriocin_mining/98c_final_synthesis.py	32982	YES	.py
workflow/21_bacteriocin_mining/98c_final_synthesis.sh	2636	YES	.sh
workflow/21_bacteriocin_mining/98c_final_synthesis.slurm	732	YES	.slurm
workflow/21_bacteriocin_mining/98d0_deduplicate_candidates.sh	6797	YES	.sh
workflow/21_bacteriocin_mining/98d0_deduplicate_candidates.slurm	806	YES	.slurm
workflow/21_bacteriocin_mining/98d0_parse_dedup.py	29453	YES	.py
workflow/21_bacteriocin_mining/98d0_prepare_dedup.py	21035	YES	.py
workflow/21_bacteriocin_mining/98d1ar_build_locus_windows.py	13985	YES	.py
workflow/21_bacteriocin_mining/98d1ar_build_locus_windows.sh	5650	YES	.sh
workflow/21_bacteriocin_mining/98d1ar_build_locus_windows.slurm	807	YES	.slurm
workflow/21_bacteriocin_mining/98d1b_map_18_samples.slurm	846	YES	.slurm
workflow/21_bacteriocin_mining/98d1b_map_one_sample.sh	9578	YES	.sh
workflow/21_bacteriocin_mining/98d1b_summarize_mapping.py	12574	YES	.py
workflow/21_bacteriocin_mining/98d1c_build_final_matrices.py	27020	YES	.py
workflow/21_bacteriocin_mining/98d1c_build_final_matrices.sh	4062	YES	.sh
workflow/21_bacteriocin_mining/98d1c_build_final_matrices.slurm	765	YES	.slurm
workflow/21_bacteriocin_mining/98e_final_bacteriocin_synthesis.py	23876	YES	.py
workflow/21_bacteriocin_mining/98e_final_bacteriocin_synthesis.sh	3539	YES	.sh
workflow/21_bacteriocin_mining/98e_final_bacteriocin_synthesis.slurm	815	YES	.slurm
workflow/21_bacteriocin_mining/README.md	8322	NO	.md
workflow/21_bacteriocin_mining/audit/98a_bacteriocin_audit.sh	16188	YES	.sh
workflow/21_bacteriocin_mining/audit/98a_bacteriocin_audit.slurm	699	YES	.slurm
workflow/21_bacteriocin_mining/audit/98b1_integrate_existing_bacteriocin_evidence.py	15712	YES	.py
workflow/21_bacteriocin_mining/audit/98b1_integrate_existing_bacteriocin_evidence.sh	2438	YES	.sh
workflow/21_bacteriocin_mining/audit/98b1_integrate_existing_bacteriocin_evidence.slurm	779	YES	.slurm
workflow/21_bacteriocin_mining/audit/98c0_audit_incomplete_catalog.py	8767	YES	.py
workflow/21_bacteriocin_mining/audit/98c0_incomplete_bacteriocin_audit.sh	8421	YES	.sh
workflow/21_bacteriocin_mining/audit/98c0_incomplete_bacteriocin_audit.slurm	765	YES	.slurm
workflow/21_bacteriocin_mining/recovery/98c3b_bagel_parse.py	19552	YES	.py
workflow/21_bacteriocin_mining/recovery/98c3br2_targeted_bagel.sh	11641	YES	.sh
workflow/21_bacteriocin_mining/recovery/98c3br2_targeted_bagel.slurm	751	YES	.slurm
workflow/21_bacteriocin_mining/recovery/98c3br2r_salvage_bagel.py	20063	YES	.py
workflow/21_bacteriocin_mining/recovery/98c3br2r_salvage_bagel.sh	3209	YES	.sh
workflow/21_bacteriocin_mining/recovery/98c3br2r_salvage_bagel.slurm	761	YES	.slurm
